<?xml version="1.0" encoding="UTF-8"?>
<project-private xmlns="http://www.netbeans.org/ns/project-private/1">
    <editor-bookmarks xmlns="http://www.netbeans.org/ns/editor-bookmarks/2" lastBookmarkId="1">
        <file>
            <url>src/mytetris/Block.java</url>
            <bookmark id="1">
                <name/>
                <line>26</line>
                <key/>
            </bookmark>
        </file>
    </editor-bookmarks>
    <open-files xmlns="http://www.netbeans.org/ns/projectui-open-files/2">
        <group>
            <file>file:/Users/zlatan/Documents/GitHub/JAVA-tetris/mytetris/src/demo4learning/ServerJFrame1.java</file>
            <file>file:/Users/zlatan/Documents/GitHub/JAVA-tetris/mytetris/src/demo4learning/Server.java</file>
            <file>file:/Users/zlatan/Documents/GitHub/JAVA-tetris/mytetris/src/demo4learning/Client.java</file>
            <file>file:/Users/zlatan/Documents/GitHub/JAVA-tetris/mytetris/src/demo4learning/NewJFrame.java</file>
        </group>
    </open-files>
</project-private>
